COD_PRODUTO,NOME_PRODUTO,PRECO,CATEGORIA
1,Produto 1,97.10624630122031,Categoria 1
2,Produto 2,51.2346750867227,Categoria 2
3,Produto 3,16.245001727095044,Categoria 3
4,Produto 4,99.45097699908952,Categoria 1
5,Produto 5,44.75609124091121,Categoria 2
6,Produto 6,12.751400614407844,Categoria 3
7,Produto 7,44.53288036630285,Categoria 1
8,Produto 8,20.13243686364474,Categoria 2
9,Produto 9,86.57072311716634,Categoria 3
10,Produto 10,70.58550768738792,Categoria 1
